<?xml version="1.0" encoding="UTF-8"?>
<extentreports>
	<configuration>
		<!-- report theme --> <!-- standard, dark -->
		<theme>dark</theme>

		<!-- document encoding -->  <!-- defaults to UTF-8 -->
		<encoding>UTF-8</encoding>

		<!-- protocol for script and stylesheets -->   <!-- defaults to https -->
		<protocol>https</protocol>

		<!-- title of the document -->
		<documentTitle>Interview Exercise Report</documentTitle>


		<!-- global date format override -->  <!-- defaults to yyyy-MM-dd -->
		<dateFormat>yyyy-MM-dd</dateFormat>

		<!-- global time format override -->   <!-- defaults to HH:mm:ss -->
		<timeFormat>HH:mm:ss</timeFormat>

		<testViewChartLocation>bottom</testViewChartLocation>

		<!-- report name - displayed at top-nav -->
		<reportName>
<!-- 		 <![CDATA[ -->
<!-- 		   <img src='../small-logo.png' /> -->
<!-- 		]]> -->
		Interview Angel Avila Report
		</reportName>

		<!-- custom javascript -->
		<scripts>
      <![CDATA[
        $(document).ready(function() {
        
        });
      ]]>
		</scripts>

		<!-- custom styles -->
		<styles>
      <![CDATA[
        
      ]]>
		</styles>
	</configuration>
</extentreports>